truck.glb	Pickup Truck	Quaternius	https://poly.pizza/m/qn4grQgHm8
suv.glb	SUV	Quaternius	https://poly.pizza/m/xsMtZhBkxL
van.glb	Van	Poly by Google	https://poly.pizza/m/aT_24cDaW1a
mailbox.glb	Mailbox	J-Toastie	https://poly.pizza/m/9gbHlg1IlY
traffic-light.glb	Traffic Light	Quaternius	https://poly.pizza/m/lg9AKWejnF
dumpster.glb	Dumpster	Quaternius	https://poly.pizza/m/PKsbolkZSr
trash-can.glb	Trash Can	Zsky	https://poly.pizza/m/PEtRDeGyg0
cone.glb	Cone	J-Toastie	https://poly.pizza/m/WoXpAJT0oD
box.glb	Box	Kay Lousberg	https://poly.pizza/m/ykZ23x9d6p
bus-stop.glb	Bus Stop	Zsky	https://poly.pizza/m/OWczicNWhO
fence.glb	Fence	J-Toastie	https://poly.pizza/m/ZSQMyIqPTz
planter.glb	Planter and Bushes	J-Toastie	https://poly.pizza/m/wn85Xr9lM3
flower-pot.glb	Flower Pot	Zsky	https://poly.pizza/m/Kgt363WkKd
building-red.glb	Building Red	J-Toastie	https://poly.pizza/m/lbNz2dClar
building-green.glb	Building Green	J-Toastie	https://poly.pizza/m/FmjsfA1eHY
bicycle.glb	Bicycle	?	https://poly.pizza/m/19VoUuA2pcN
cloud.glb	Low Poly Cloud	Louto	https://poly.pizza/m/bgitHe5MZE
camping.glb	Low poly Camping Asset Collection	Alex S	https://poly.pizza/m/3nj59_uuCbM
yellow-post-it.glb	Yellow Post-it	Zack Huang	https://poly.pizza/m/1-ZStsi8S91
animated-woman.glb	Animated Woman	Quaternius	https://poly.pizza/m/9kF7eTDbhO
adventurer.glb	Adventurer	Quaternius	https://poly.pizza/m/5EGWBMpuXq
big-building.glb	Big Building	Quaternius	https://poly.pizza/m/AVCS8jUd2l
bus-stop-sign.glb	Bus stop sign	dook	https://poly.pizza/m/ECdbKwxoLa
floor-hole.glb	Floor Hole	J-Toastie	https://poly.pizza/m/FbJAtOQ8pb
rock-band-poster.glb	Rock band poster	jeremy	https://poly.pizza/m/fTsh4nKZ9iK
manhole-cover.glb	Manhole Cover	J-Toastie	https://poly.pizza/m/S6aGVNF1Iz
animated-woman-2.glb	Animated Woman	Quaternius	https://poly.pizza/m/qJ2gsTUBHL
power-box.glb	Power Box	J-Toastie	https://poly.pizza/m/WFVjj4vnGg
fence-piece.glb	Fence Piece	J-Toastie	https://poly.pizza/m/Y6D3Sbc85w
fence-end.glb	Fence End	J-Toastie	https://poly.pizza/m/tQ5zhPd5UC
fire-exit.glb	Fire Exit	J-Toastie	https://poly.pizza/m/ugX9DZ0wlI
animated-woman-3.glb	Animated Woman	Quaternius	https://poly.pizza/m/nIItLV9nxS
flower-pot-2.glb	Flower Pot	Zsky	https://poly.pizza/m/XOT4ajEFjU
model-4m3lja-ZCkA.glb			https://poly.pizza/m/4m3lja-ZCkA
building-red-corner.glb	Building Red Corner		https://poly.pizza/m/9JuFwnivP0
model-exys3emjr1.glb			https://poly.pizza/m/exys3emjr1
model-p4U0tSF5WN.glb			https://poly.pizza/m/p4U0tSF5WN
car.glb	Car		https://poly.pizza/m/Cz6yDaUcM9
model-dse64pqMKAR.glb			https://poly.pizza/m/dse64pqMKAR
model-fGKIlWGDNH.glb			https://poly.pizza/m/fGKIlWGDNH
car-2.glb	Car		https://poly.pizza/m/unqqkULtRU
model-0OToIgkcVM7.glb			https://poly.pizza/m/0OToIgkcVM7
model-0z3NJc5zAE.glb			https://poly.pizza/m/0z3NJc5zAE
model-BEcU9rjiAq.glb			https://poly.pizza/m/BEcU9rjiAq
jellyfish.glb	Jellyfish	Poly by Google	https://poly.pizza/m/dA5osnS0Rzj
model-dfNjMLtO0pd.glb			https://poly.pizza/m/dfNjMLtO0pd
rabbit.glb	Rabbit		https://poly.pizza/m/dyeBDJxhDwP
model-e9NAQQrCbLu.glb		Poly by Google	https://poly.pizza/m/e9NAQQrCbLu
model-fBXvsC6pe_V.glb			https://poly.pizza/m/fBXvsC6pe_V
model-fo1MBzTFRZ3.glb			https://poly.pizza/m/fo1MBzTFRZ3
model-KiJBu1Shwo.glb			https://poly.pizza/m/KiJBu1Shwo
wolf.glb	Wolf		https://poly.pizza/m/P1gU3Qkr9r
model-yRYJiAJyiM.glb		Quaternius	https://poly.pizza/m/yRYJiAJyiM
